"Status","Start Time","Stop Time","Duration in ms","Parent Suite","Suite","Sub Suite","Test Class","Test Method","Name","Description"
"passed","Fri Aug 02 16:52:51 CST 2019","Fri Aug 02 16:52:51 CST 2019","124","","test_coinMalll_api","","","","test_api_getCommentList_request[params141]",""
"passed","Fri Aug 02 16:52:52 CST 2019","Fri Aug 02 16:52:52 CST 2019","125","","test_coinMalll_api","","","","test_api_getCommentList_request[params143]",""
"passed","Fri Aug 02 16:52:46 CST 2019","Fri Aug 02 16:52:46 CST 2019","140","","test_coinMalll_api","","","","test_api_getCommentList_request[params19]",""
"passed","Fri Aug 02 16:52:51 CST 2019","Fri Aug 02 16:52:51 CST 2019","125","","test_coinMalll_api","","","","test_api_getCommentList_request[params138]",""
"passed","Fri Aug 02 16:52:47 CST 2019","Fri Aug 02 16:52:48 CST 2019","156","","test_coinMalll_api","","","","test_api_getCommentList_request[params118]",""
"passed","Fri Aug 02 16:52:48 CST 2019","Fri Aug 02 16:52:48 CST 2019","141","","test_coinMalll_api","","","","test_api_getCommentList_request[params119]",""
"passed","Fri Aug 02 16:52:47 CST 2019","Fri Aug 02 16:52:47 CST 2019","156","","test_coinMalll_api","","","","test_api_getCommentList_request[params114]",""
"passed","Fri Aug 02 16:52:46 CST 2019","Fri Aug 02 16:52:46 CST 2019","156","","test_coinMalll_api","","","","test_api_getCommentList_request[params17]",""
"passed","Fri Aug 02 16:52:46 CST 2019","Fri Aug 02 16:52:46 CST 2019","125","","test_coinMalll_api","","","","test_api_getCommentList_request[params111]",""
"passed","Fri Aug 02 16:52:49 CST 2019","Fri Aug 02 16:52:49 CST 2019","156","","test_coinMalll_api","","","","test_api_getCommentList_request[params126]",""
"passed","Fri Aug 02 16:52:50 CST 2019","Fri Aug 02 16:52:51 CST 2019","453","","test_coinMalll_api","","","","test_api_getCommentList_request[params135]",""
"passed","Fri Aug 02 16:52:44 CST 2019","Fri Aug 02 16:52:44 CST 2019","235","","test_coinMalll_api","","","","test_api_getCommentList_request[params10]",""
"passed","Fri Aug 02 16:52:49 CST 2019","Fri Aug 02 16:52:49 CST 2019","157","","test_coinMalll_api","","","","test_api_getCommentList_request[params130]",""
"passed","Fri Aug 02 16:52:47 CST 2019","Fri Aug 02 16:52:47 CST 2019","188","","test_coinMalll_api","","","","test_api_getCommentList_request[params113]",""
"passed","Fri Aug 02 16:52:50 CST 2019","Fri Aug 02 16:52:50 CST 2019","141","","test_coinMalll_api","","","","test_api_getCommentList_request[params132]",""
"passed","Fri Aug 02 16:52:48 CST 2019","Fri Aug 02 16:52:48 CST 2019","140","","test_coinMalll_api","","","","test_api_getCommentList_request[params124]",""
"passed","Fri Aug 02 16:52:49 CST 2019","Fri Aug 02 16:52:49 CST 2019","187","","test_coinMalll_api","","","","test_api_getCommentList_request[params128]",""
"passed","Fri Aug 02 16:52:52 CST 2019","Fri Aug 02 16:52:52 CST 2019","159","","test_coinMalll_api","","","","test_api_getCommentList_request[params146]",""
"passed","Fri Aug 02 16:52:45 CST 2019","Fri Aug 02 16:52:46 CST 2019","125","","test_coinMalll_api","","","","test_api_getCommentList_request[params16]",""
"passed","Fri Aug 02 16:52:45 CST 2019","Fri Aug 02 16:52:45 CST 2019","125","","test_coinMalll_api","","","","test_api_getCommentList_request[params13]",""
"passed","Fri Aug 02 16:52:52 CST 2019","Fri Aug 02 16:52:53 CST 2019","156","","test_coinMalll_api","","","","test_api_getCommentList_request[params148]",""
"passed","Fri Aug 02 16:52:45 CST 2019","Fri Aug 02 16:52:45 CST 2019","220","","test_coinMalll_api","","","","test_api_getCommentList_request[params14]",""
"passed","Fri Aug 02 16:52:47 CST 2019","Fri Aug 02 16:52:47 CST 2019","109","","test_coinMalll_api","","","","test_api_getCommentList_request[params115]",""
"passed","Fri Aug 02 16:52:51 CST 2019","Fri Aug 02 16:52:51 CST 2019","141","","test_coinMalll_api","","","","test_api_getCommentList_request[params136]",""
"passed","Fri Aug 02 16:52:48 CST 2019","Fri Aug 02 16:52:48 CST 2019","140","","test_coinMalll_api","","","","test_api_getCommentList_request[params122]",""
"passed","Fri Aug 02 16:52:46 CST 2019","Fri Aug 02 16:52:46 CST 2019","156","","test_coinMalll_api","","","","test_api_getCommentList_request[params18]",""
"passed","Fri Aug 02 16:52:46 CST 2019","Fri Aug 02 16:52:47 CST 2019","187","","test_coinMalll_api","","","","test_api_getCommentList_request[params112]",""
"passed","Fri Aug 02 16:52:48 CST 2019","Fri Aug 02 16:52:49 CST 2019","141","","test_coinMalll_api","","","","test_api_getCommentList_request[params125]",""
"passed","Fri Aug 02 16:52:47 CST 2019","Fri Aug 02 16:52:47 CST 2019","140","","test_coinMalll_api","","","","test_api_getCommentList_request[params117]",""
"passed","Fri Aug 02 16:52:51 CST 2019","Fri Aug 02 16:52:51 CST 2019","125","","test_coinMalll_api","","","","test_api_getCommentList_request[params137]",""
"passed","Fri Aug 02 16:52:52 CST 2019","Fri Aug 02 16:52:52 CST 2019","204","","test_coinMalll_api","","","","test_api_getCommentList_request[params144]",""
"passed","Fri Aug 02 16:52:49 CST 2019","Fri Aug 02 16:52:49 CST 2019","156","","test_coinMalll_api","","","","test_api_getCommentList_request[params127]",""
"passed","Fri Aug 02 16:52:51 CST 2019","Fri Aug 02 16:52:51 CST 2019","175","","test_coinMalll_api","","","","test_api_getCommentList_request[params139]",""
"passed","Fri Aug 02 16:52:50 CST 2019","Fri Aug 02 16:52:50 CST 2019","173","","test_coinMalll_api","","","","test_api_getCommentList_request[params134]",""
"passed","Fri Aug 02 16:52:51 CST 2019","Fri Aug 02 16:52:51 CST 2019","141","","test_coinMalll_api","","","","test_api_getCommentList_request[params140]",""
"passed","Fri Aug 02 16:52:48 CST 2019","Fri Aug 02 16:52:48 CST 2019","159","","test_coinMalll_api","","","","test_api_getCommentList_request[params123]",""
"passed","Fri Aug 02 16:52:52 CST 2019","Fri Aug 02 16:52:52 CST 2019","156","","test_coinMalll_api","","","","test_api_getCommentList_request[params147]",""
"passed","Fri Aug 02 16:52:45 CST 2019","Fri Aug 02 16:52:45 CST 2019","235","","test_coinMalll_api","","","","test_api_getCommentList_request[params15]",""
"passed","Fri Aug 02 16:52:50 CST 2019","Fri Aug 02 16:52:50 CST 2019","250","","test_coinMalll_api","","","","test_api_getCommentList_request[params133]",""
"passed","Fri Aug 02 16:52:44 CST 2019","Fri Aug 02 16:52:45 CST 2019","171","","test_coinMalll_api","","","","test_api_getCommentList_request[params11]",""
"passed","Fri Aug 02 16:52:49 CST 2019","Fri Aug 02 16:52:50 CST 2019","124","","test_coinMalll_api","","","","test_api_getCommentList_request[params131]",""
"passed","Fri Aug 02 16:52:45 CST 2019","Fri Aug 02 16:52:45 CST 2019","172","","test_coinMalll_api","","","","test_api_getCommentList_request[params12]",""
"passed","Fri Aug 02 16:52:48 CST 2019","Fri Aug 02 16:52:48 CST 2019","156","","test_coinMalll_api","","","","test_api_getCommentList_request[params120]",""
"passed","Fri Aug 02 16:52:48 CST 2019","Fri Aug 02 16:52:48 CST 2019","188","","test_coinMalll_api","","","","test_api_getCommentList_request[params121]",""
"passed","Fri Aug 02 16:52:46 CST 2019","Fri Aug 02 16:52:46 CST 2019","158","","test_coinMalll_api","","","","test_api_getCommentList_request[params110]",""
"passed","Fri Aug 02 16:52:47 CST 2019","Fri Aug 02 16:52:47 CST 2019","143","","test_coinMalll_api","","","","test_api_getCommentList_request[params116]",""
"passed","Fri Aug 02 16:52:51 CST 2019","Fri Aug 02 16:52:52 CST 2019","172","","test_coinMalll_api","","","","test_api_getCommentList_request[params142]",""
"passed","Fri Aug 02 16:52:52 CST 2019","Fri Aug 02 16:52:52 CST 2019","125","","test_coinMalll_api","","","","test_api_getCommentList_request[params145]",""
"passed","Fri Aug 02 16:52:49 CST 2019","Fri Aug 02 16:52:49 CST 2019","142","","test_coinMalll_api","","","","test_api_getCommentList_request[params129]",""
